row_id,target
0,6.595118818115483e-06
1,1.6400762470912727e-05
2,3.1365926452552284e-05
3,2.1263622652532794e-05
4,4.909933111217484e-07
5,8.800875746443769e-06
6,1.420167630533488e-05
7,-5.990470813340071e-07
8,1.2768909743644435e-05
9,1.205312431417779e-05
